address,amount
0xcc9e13bac74b9c37e0b90fde71a1f2bb6e5d1c1e,60
0xd178db466729c8a0d391041f1aeb41edbf6380ab,60
0x8c224a82c1aa9aab2a059ea4ef699c3764214296,60
0x6523f418c4b7260b070a17c47a206b66935d67cd,30
0x0c3f85adf2436019ff5920ab56bcb9d27ffbef15,30
0x3ac08c06373fd0f487e4826dcd55980930fc0645,60
0x44ad5fa4d36dc37b7b83bad6ac6f373c47c3c837,30
0x9f41f3038e7864463e60213491060e7d15014d6c,30
0xe38a5feb6e03dbff794b2caee9d2871f452b7c88,30
0xf5f4cc110e99dca9b994ad53f2d065d0f3512540,60
0x1dbe1cc50859cbe9c40a336ccf40bc5b16ba494b,30
0x0ba35a56a6d3e44aba3be8b660cb350c38018296,60
0x9b5483fca67ff64550a5ad9e16fdb5920c23b9a4,30
0x5e91366ac7b78b32c5ad7c9f4c9ba34719916199,30
0x957bba2e040906802d52eeb93a6f973a989c2ea4,60
0xfa49187f19edeeb7df7868db82f2d723440b6c6e,60
0xa083d45dc7b97eaf4532f19b112662bd3adf03a4,60
0x1c051112075feaee33bcdbe0984c2bb0db53cf47,60
0x626c444fd33a0358d67a3f89e2d910179b6505fd,60
0x359f787b005bf3ab0971a4369d3dccdc72a1579a,30
0xcc0dc4c48127be82c9609b3eb7ec5089af5e4705,30
0x9b4a2a6d9c244c8c94e31a84a169e23b4b7e5b1f,60
0x1a1641d54a578c7f38466a17cc46e6293df55228,60
0x635b230c3fdf6a466bb6dc3b9b51a8ceb0659b67,30
0x9a568bfeb8cb19e4bafcb57ee69498d57d9591ca,30
0x4d1245bd6436d902d6c2c81acb9f5c4138b1b4cb,30
0x99655ca16c742b46a4a05afaf0f7798c336fd279,30
0xbd6f5bdc401ab1ca811e40755f4a2ddad75ce2cc,30
0x8f70b3ac45a6896532fb90b992d5b7827ba88d3c,60
0xf896d7e210a8e0100ef9bdcc18a981121aac88b5,30
0xf280be039bb96fa8fa0b3e8fa3220f35ed875c66,30
0xb8d7b045d299c9c356bc5ee4fe2dddc8a31280a5,30
0x70e7a6621f4cb3c3e073d0539899f49fc88424c0,30
0xf1c6faf83de831f57225ce9f9499ccedb5a2361d,30
0x86be7c25942c83584f257629048a89cef316f0bf,30
0x056590f16d5b314a132bbcfb1283fec5d5c6e670,30
0x273e9c8198378640f5f007379034b5fa201ef119,60
0x26bdde6506bd32bd7b5cc5c73cd252807ff18568,60
0x193f0ee42a199a0cecd479a9f09ba293eb1ca357,60
0x297946c26171008ba8c0e5642814b5fe6b842ab7,30
0x1f427a6fcdb95a7393c58552093e10a932890fa8,30
0x000f4432a40560bbff1b581a8b7aded8dab80026,60
0xf9107317b0ff77ed5b7adea15e50514a3564002b,60
0xd84e11bee5d555ccd905817cb8cbbd5b6e6c4f0d,60
0xbd1f7d88c76a86c60d41bddd4819fae404e7151e,60
0x4f942119e6ab0a6e4368e795d1d64291a3ff0da4,60
0x6cf51fdef74d02296017a1129086ee9c3477dc01,60
0xf69ea6646cf682262e84cd7c67133eac59cef07b,30
0x9b7a6e6b894e243e994cfaa32ea07d8a60740981,30
0x3fd1ddf28f604cfe5fefa3adc38e38be2f7208d6,30
0xedf7b675a2fe3c27efb263fb4c204a3f0fb17d46,60
0x430e076e5292e0028a0a17a00a65c43e6ee7fb91,60
0x42087c28f296d3b2dab56e3f5d1aca1388f2be5b,30
0x90eb355a85ea5324529224945bb55f1960da1b47,30
0xac59f71c383de1ef94802676f72f1bae3d7d3029,30
0x9b616ac1d31f17be9b23560d93699ca7732e2808,30
0xefaef3a9b2bc9b1464c1f85715b6915de4ec659d,60
0x60ff7dcb4a9c1a89b18fa2d1bb9444143bbea9bd,30
0x2d407ddb06311396fe14d4b49da5f0471447d45c,30
0x239eec9ec218f71cef5cc14d88b142ed4ff44110,30
0x750c31d2290c456fcca1c659b6add80e7a88f881,60
0x253c5cbdd08838dad5493d511e17aa1ac5eab51b,30
0x022ce4715b44ef6f0ead8561b29da676928d16f3,30
0x42add773b02585dbaf024db751d8944618ada20a,60
0x8c80c1fe10912398bf0fe68a25839defcaef588e,30
0x2b19fde5d7377b48be50a5d0a78398a496e8b15c,30
0x63dae0946a44eeead00c8b30ec206fda63f7dfe1,30
0x28d804bf2212e220bc2b7b6252993db8286df07f,30
0xe15aa7f7de1f1bb51aed5d7c28bdcb59987f020a,60
0xf486d56cce70c481b3455af901fcc4f03fee8107,30
0x20f9e5a17b00350f1eaf9ad18bc5be0d54c0bc3f,30
0x1dffae74acf1df1aa4118b993ff73ff84932e6d4,60
0x5d49c7f7330907fd67401782f95d93c3ff7305dd,30
0x005d64b3fedd6d53edf19142087d51c7ac6ba595,30
0xdb33e85224b11765eb1f1dd81c3af181ae975962,60
0xe96e7353fe78ab94d1b43417e21ebc5af985f41a,30
0x726cdc837384a7deb8bbea64beba2e7b4d7346c0,60
0x35641673a0ce64f644ad2f395be19668a06a5616,60
0xb4f76a20e05211991de6ac4cb4a219520caada0d,30
0x17e33637f6b64e9082ea499481b6e6ebae7eea23,30
0x869cf77f0c9fcaabbea2f6d4626cb970a109c42f,60
0xf53cab0c6f25f48f985d1e2c40e03fc7c1963364,60
0x4f0c041455305a177c1699501e8c3c1eeec5aa7e,30
0x4add3b2277e1a79e4cf6b52ccb26b2c80b37f142,60
0x00695c7fcd8ee1517adb85c24547fc792613a5c5,30
0xce71ec2db82d10fe60f053cbb5009acb171f3190,30
0xe6decc0e4a58ef0dd3cfd6b518878b5d114a1857,30
0x5416ba4140a3e660c5c5f7a1e39a6a2b25f74a28,60
0x044a9c43e95aa9fd28eea25131a62b602d304f1f,30
0xda2a6b23e3f80e8bca855a00e665cea9b6812434,60
0x8612c5163e807744d9850d402c219d90361cc7ea,60
0x208f27ba5003f330295174c163839f3249ea8da3,30
0xed30d2e9efb15b3ab8a32df5650cad1b60d66c3d,60
0x584313319d0bfead2a9d98a7154f5dcb5a62887f,30
0x585020d9c6b56874b78979f29d84e082d34f0b2a,30
0xcc3e0238ab75ce515e7be86112c0f2386a672796,30
0x537037c5ae805b9d4cecab5ee07f12a8e59a15b2,30
0x173b6bc070efda94f5ee14dcb0fe05689c871f9f,30
0x8cd9f9c08c6a3f891bc570f1d6a3dc91c1f62bb0,60
0xce66c6a88bd7bec215aa04fda4cf7c81055521d0,60
0x28ead95628610b4ee91408cfe1c225c71ab6e7a8,30
0x7553fa99ab1f429551eec660708c08e14e30584f,30
0x47547895218274e121e4219a3fd23235377a9903,30
0x5b191f5a2b4a867c4ed71858daccc51fc59c69c0,30
0x16faa6e97aec501eb03d692eb5751e37519cdbb3,30
0x984253cad96157b89255f4674e5362fc0feb69ee,30
0x68f593572402632c724bc2d2fca05e91541269f3,30
0xc8c04b92a6aa653aaf72ab65d626aa70b0700b3c,60
0x6957d2139d29e7db7913ac21e813f2a561e47ac8,30
0xfe6fc5f5d89693d02dc938ec5be5f5b1f8b955e7,30
0xb03fedd3a6acb5111a0e8af9a46346e4d870a9c3,30
0x391891af67e29d97e61e30c3036a0874f5da411e,30
0x071fcdd8f8dbab01b864e2abd3d53c55edb86fb8,30
0xf1e26c020a084e77a4931fee4c997a2b064566fc,60
0x33107b56647014f37375b8291a86409f81a148db,30
0x23b886aceeb71458c96792ffd447352c277f820e,60
0x9634445e293a87ab77ca3cf5b43da94aabc544b6,60
0x6f9bb7e454f5b3eb2310343f0e99269dc2bb8a1d,60
0xb352eab4ae5864281b95cf1de234b9b8ca2c5b1c,30
0x4aa3045f7b28163541b2e91d77e4a3ef006abca8,30
0x644a135d5b59bcc7149acc24c52bbce32c8f196b,30
0x16b0e4ad0b7287341e8436f335b558d168dd0985,30
0xaafdd768fa83ef7af0e19707f2be9d1db1924766,30
0xb0bcb6accf3d0c528a944aa621c694680a4731ee,30
0xb83ac7549db7774ab59117483933bcf11f27c090,30
0x74aadae2c7aa9321314a0a6f53a70eda5ebe103a,30
0xfe9326c8df460ddc073078bcf982ab172b8c2f95,30
0x4d6c19ac9f91cb3df1049304732be4c262690a81,30
0x73165a7bf621f466c63f6a0c8f08e969772c2a6d,30
0x8c4b59f6ec2c02e45c2a404448def3a7c0465bd3,30
0x5efec2646eb5d768dfa12c9943ee2f1cc458913b,30
0x65331fa9893357a3c0459eabb7866babd69c376f,30
0x6ef3f0ff397c3de367c6ca2cc3e6b6955e7993a5,30
0x923d99e83e0a492fda01095885bb75a14479b68f,60
0x22f6edb55790b0fe841c5ba9aa30792ebcb55863,60
0xdeed4478d677cf5a3a3ec0e3c767880fc0d6c585,60
0xf76a3bb1d4f4290a7e2d8a2405a05566cb3b77ce,30
0xfb40932271fc9db9dbf048e80697e2da4aa57250,60
0x53b015573630d248a32b11b21e5443efb92d9cfb,30
0xc7be722a0227511769e683c4db5c511e8f38e2d8,30
0x35f105e802da60d3312e5a89f51453a0c46b9dad,60
0xa8bf0cd4d76d92cb345e81999029f3174a219305,60
0x99bcea6bb0403927fb3c038163478d5b42082fd9,30
0x74c3b2d22ed5990b9ab1f77bd3054d4fd4afcf96,60
0xb290fd44a628a21fccbf6347668d80de4177da42,30
0xdb86b02928c47cb1c1d231b21732e6c639b28051,30
0xad91bae71e4569ec5ff09be170e223cc6b388ab0,30
0x9e42fd37e21c0ed235fa31d2f49a7fbdea961f5c,30
0xe36bd8c15a83b89e2e49806d7312846069755c63,30
0xa2f1d78676a6c0a019dfd19683b5b24270fc2b94,30
0x0ef6e547dd86de09f0e8ece1e5a9f5ccb335ade1,30
0x2951b1f7058bd2c05f01954002c450bac0873847,60
0x7e05382a7463bffd77fd09b44ed261dd72d74aa1,30
0x86922e5eec8f1eb42af8590f50327f2bcc5259b6,30
0xf7209ca456675d82a372f8edfa1f17e74c237b69,60
0xb2a1916082a25ea90c0198afcd6553e00f60ea01,30
0x1e7127c81c8a58661a0811f026b6be66533934be,60
0x6e4e3b52986e46b4d656c49b8c18c742e311e354,60
0xe55c69cfd20cfa25651c72b84383de6104104eb4,60
0x87715066daf3c2e0a05085a2f1b6087b90aeaf82,30
0xc31db2e710192791b65de43d4b84886a6d770322,30
0x097df964c10a3921133cfca8e70df99d4951c3d3,30
0x987fb317888cf344da7fc3836bcf62a9f6718858,30
0xf05dee6573878712b35136078385977726148a60,30
0xefbe8313154bc7ef122bc3b27a4ec4f27ea719b2,30
0xf64f5cc7c5f85aebb3244959422d25fe52d9d2f0,30
0x11a661deee632244ebdd936b1784f4fd1cbbe364,30
0xfb4a5ae508dc15e2e1172bae69fb8ad18cc81d73,60
0x2f532a8832f798ced9c6c1aab17afb9debb2b345,30
0x90029e5bd5acf5276e0b2be90e1c25b51cb3b6fb,30
0x122dae9909635453c3323c7ef5454fa13fbf5d77,30
0xacb05e98b8a244bfa8bc93b86c250695abd51648,30
0xe524d6514f5c6c91796d223c3310ce211bc749c0,30
0x48f7d45fa696dc89ff4f2233b25490455ae19dc2,60
0xf7463e7335033586683ac1f3df3080a0b38babe9,60
0x5e4fa37a2308fe6152c0b0ebd29fb538a06332b8,30
0x0d690122d58990cd9a7561f5817bd750c55ea366,30
0x52b4cb3befcf93bd327e98c1ebd233078a67c676,30
0xf4282fa826238a208beb5dd5c97973c8ff0e6bc7,30
0xf89262f358ba40ded531c9138de1b2ebe79cc2a4,30
0x2ca3f2385e7b6ccc8eefa007ca62bcf85df8e89e,30
0xf7476db5b717ac661c027e684456115ab1e728c3,30
0xdd0ddad1ca7b57acac3e1ed2ceac6ebc5526431a,30
0x77426b45545794ffa2ae4e6c5d44a9d1848473fc,30
0xb7d49adb031d6dbdf3e8e28f21c6dd3b6f231cd5,30
0x166b6770f7513ee4be7a88f7c8d250e5e8bcbfaf,30
0x358de7bae44025257eae6dd2d9774e7cbdbeeeb2,30
0x316f99537b4bade5eea51073f1b7c38dfbf69a70,30
0xc99741d1b8a7372d8b976af59aed9de57dc2fb6c,30
0x47f366ddacd8cfbf1d035c0320f7422da1e919a8,30
0x1b0d061fe9534b217ea789c4308291423953db3b,30
0x7d64f92985687a2d79f8e76b7de8cfb1f9e1bac0,30
0x9ed80eda7f55054db9fb5282451688f26bb374c1,30
0xfc5737a0fe325d6b2e0c9dc2ac1d81f549fd662c,30
0xce0b352177038599b1df4505f50ff731ff6421eb,30
0x0fd2cf82d6d0131233b4793bdeeac02e76a16207,30
0xca253fe65d86e0a1848864184c170faac021f862,30
0x9bdfaeb9cb28dc05b09b37c0f14ecbc9a876cee0,30
0x9a1ce61815c2e7cafd55a8ca2f03af7da34b1b84,30
0xee4b51344c2712e8675a55b3b85214ecdf4f60ec,60
0xec63913528365fc4b845df57171b63d71ec68442,30
0x5b295aa92ddd008d4042773e8df91a9f848ebc58,30
0x79dba1d434c26746b21233d3a46660523fb934a0,30
0x4b1c21c93ff275cbe80eed552964da91d5ebafb3,30
0x68cdd84267c53882271a93221a18fe5515fb8921,30
0xca8937ccfd9486a69e1299184ee39f50b098d1f4,30
0x9eb1a1f5252fc6cdc857497e883a4500b88c04be,30
0x455ca2eeeb67bd243993c58afea5268f2af9de9a,30
0xd0c5817fc7989fdc13cf8e4e0c53948ba4e9ec9f,30
0xa547478bdfa44eaa7650905fe95034187c3dc96d,30
0xc645303a36d7313f1414250ddfddd58a972e1a35,30
0x74a191ff18e99a7eb7c6e58269abbd9a86a5d930,30
0xd299dfc7fac78e76cbd6492bd1606df662b1e848,30
0x774699ae2615efd12f93cf90ff7213e6d61b6d06,30
0x7ba9fc8f8c58d6fd31b30d07f75aad6a9261139c,30
0xbb06a1d3de143749ae821790f39596167be1e073,30
0x6be7d98d4eb1a830f91cfcceb9032a62f2c6a7ea,30
0xfb56e3bcebb06ef96dcd49b86b2391bd7c73e7be,30
0x628d339383e5b4e2c4c34a96d59cc6fdfd3ec46f,30
0x8366fe0ee9dc6aeed3dbb65a373258cfcaedd400,30
0x44879c7942b582dde8668eb1bba0a1523ba8a934,30
0xda35e02e7db943ee0e61e6b36cefd6c764936a9c,30
0x9131f53675e692f20d7504588e6199248f2e48bd,30
0x36a5626bf2c0730d6e7203bbedad2657ce77c925,30
0x9da88798804bba492d5fece302caf703e175cf89,30
0xfeeaa6a2ae0d4a15e947afc71dc249a29dc2778d,30
0xb46472f8ea30acde2b3e88f09f1bee4ebded65b6,30
0x9ba8023f3e77959eac17d48131c933d9f397dd48,30
0x4857085dd0b81edfad3115d952aeb9bec86272ba,30
0x0650ce9a7d6e286a4aa0422b25921872a1bf7553,30
0x35a1a0b5ce63afdb03e5bbf95b7278aab6bbbc56,30
0xaf358a57e741244edaa452f06d814191d1a3f887,30
0x5ce8b8bdc0f4b3bf7aac30d6d66ebe876ec03ffa,30
0x7fbdbed1b08944a334752527ea571ba3eb0de17d,30
0x3d58d72404f04501eae4eee75fd8ff08689f0d2d,30
0x358835847b8a0f545c1c0cc7cccb24d0933440c9,30
0xbcd2ee9792afbab5f1aedf731a0d06816b453424,30
0xd24452470effb5bf0b2b149284f881dc72a54065,30
0x2db400092d2754d888a76dd6041dd99043685d8c,30
0xb4271d93e16109c9f8e7d12f5b7bc78a046b0164,30
0x8ea37efedcc80f9aeb43bae838746c0942bd3ea5,30
0x3e9f3fcbae586ac5315b9c1c54fcd0e44b500fb6,30
0x5b544188bca5af328108e3a90c5f7f5856db308f,30
0xeaeed2529db57937d34df8fcfca52ecb0beea0c6,30
0x98dc82470cd96449eff7a21837644e8a0b83f40e,60
0x70b3dc646b5f499be0ca64fd8255f655600a53ff,30
0x9b9203baf52f6b61b0c591d14e4e3132b19f1dbc,30
0xe52232876a81d47181f755b52da5ae77083a6c13,30
0x9619320f209e457289cc065eff6f6eb5ef502eba,30
0xcc9e0f791edb9fa61ff15721f7756bbd4c4aa574,30
0x5bb96c35a68cba037d0f261c67477416db137f03,30
0x9325564ade7683706107685cf1993678b1163261,30
0x07a1f6fc89223c5ebd4e4ddae89ac97629856a0f,30
0xfd692e707332dcb9e09ed9510640111891c76977,30
0xde5db9122e58f7e5b1494e7a1cb4e8bf63d3f032,30
0xc8d46eb7881975f9ae15216feeba2ff58e55803c,60
0xad71f5aab3ffddd80e8dda885adce77fd6d5c77d,30
0x75cace0baba984f721f40443ce4acb6bb229a9b0,30
0x0f8384d90a1b93988c5bc2d43df25eddf7683fde,30
0x7d87d64a298f019416ef24000efc66e639bb8a73,30
0x69a8596cb96f43a565b72d845f9ef593da0f4a4b,30
0x30417268802cfbcbcd917103d96550a0ab057a0c,30
0xa4117d4a882c1a569963f42dcf56c8287442a99a,30
0xc24dc96768d7a96ca37aa3e65787f69afaf1a354,30
0xf5a9ca279a99365d83c6c744ca5d3e0b87ec060d,30
0x3e82fa55ceee581130890728f14bfcc2653c8d29,30
0x72a16235bd5057b1422579e129556d679454ee78,30
0x0194ef37f2c56b5b0d06a2acefb13e969099281c,30
0xabaf489d77c04b9881cfcddb709a5fbd0463740a,30
0x80ac9dc7d5f52f8acd4b0b14b252b9ed1b0b5744,30
0x2109f087a86da38ef6481a818417cd78ad1fb6cb,30
0x996ff071971ac25aa56c302eed6b9fd541f5f1aa,30
0x424efb7e1f15cb82626ea41536f0310a4a63c43b,30
0x170fc81b0e8b1d2d23f5927be7d2f0c5045ad6c1,30
0x9b7dfed9678ede01cde1e8e77aac17da81c86e7c,30
0x02a8f422e4623cf409b2a1a64a603b16357ea9da,30
0x74cbac84b5e97c6a1aaf86564777f93aea02d5eb,30
0x7e2f6e2f86089ae708425bca2e7bf43ad5ca486e,30
0xfc220fb83314b4b1e00421777cb579a68f17c439,30
0x8d2a852956348ee05478ba8a11e80c11c949c478,30
0x1f8769fdb1a2beb0208a1a66c73c126d4e7b75ed,30
0xea6cc09ffe55fe942aa1c2b814633d04541ccad1,30
0x83350cfab9a46c1c424e061f31a2611a5900c54a,30
0x92d5e4cbd4b3ace1f3a4e1be137966ed64a3cf3f,30
0x896db7c827e6dc3635f659dae77cd04b8d6cd5e3,30
0x6b347a82fcac4e6a38d1fc40e3631bd8f9495e9f,60
0x371c98fb569e574951fd3a6a74171cbb6665d6f4,30
0x998aaec3728e8562f5a7bafbd5e870a8ba4767cb,30
0xd4e5c4cb195154935b8d8a380cb99d5a40e2681a,30
0x229bc9afe9d1743ba0a2f929ff2e4e0184866f11,30
0x09efd0d038dab6adf8436118dbd51b117b50d4f3,30
0x8bc619e7f9ca9949b8440245fd9d8c4c002edf02,60
0x3e0998e9fcbd992d36239d5c5ad182d2b5cfb00b,60
0x1374c83bf4af8e0c847d449840bb7a9b0963a1c8,30
0xcbadcc027d80d68771b915e557bf4b6ed67da678,30
0xf2c471943666deae814c787a5c834e8fc599c70b,60
0xe64c25478f0ebd9b62f8e73cd0ed20d0ad54131f,30
0xf542cc19db89bbc0ab8f856492c69b38575a2807,30
0x737051bd823887d5128a724688bc5108e91d11be,30
0xde1256c4c3eec6952559fde0003724d0a34dd624,30
0x001be549fa377710b9e59d57bbdf593ce1e379ca,30
0x94edc66a2e15d439aad144875acd89146ed34bbe,30
0xdbe4033d88de63961720fc604c8aa8452eb34308,30
0xbeec577305d495eaaa5c94ec7354c6df7d944f83,30
0x83dda2fbad6c31f5f5254e269e575005669211b2,30
0x236a0f73b0b470568678cbc832ec1f8d76457f45,30
0xd3761e84f595669f33abc37310c4e5aed26cb377,30
0x6ed5d6f66916b393335d8568f64f0029b3a2d911,30
0xb90781ceb500f80a9c101225ed5451449a3aa5bc,30
0xc731a250520dc480d23edf9a1545dc558b537daa,30
0x854f1269b659a727a2268ab86ff77cfb30bfb358,30
0x3b8496354813efdbd9a1fa19359318dd0afda934,30
0x08624b3e406e3c28d1082c2182ac0c96213a1f1f,30
0x0c65b39b4e99fa86af3fe4f16abd2b196e466702,30
0x22db41cb489fcaa1397f0a098f8e94702b74f5dd,30
0x2e1ba9dddf0639e276af9c205c29449bad110c55,30
0x3e595e79d4142537ba2da58ccc27a7019532aeb3,30
0x407584a6c19c7595cf2a1f2bea8bdabf34168741,30
0x631255498c08351f904215fd1b47e38ac842dca1,30
0x66e6b0c7496fcfdaebab9d83bd595937db1a2fd9,30
0x673c471d7c1b2e3feb0c503e3cfcf545826ae048,30
0x77da26bc85b8fa8e6632e002c58363f6748ce441,30
0x878bfe4a9de998694ea8343f678b6af076180782,30
0x89a80e4d6821e10a2be96627cbbd39b3ece19828,30
0x9afd0317e486ae9ecbb632a408f559b852ea5ff7,30
0xdcab5a9ee66f20f1c7d87b9b994cdaaec4988eb7,30
0xe57c764429902204f62de7758946eb62ec978b8b,30
0xe9aeace6c449a53d83643b0d0c900c0ce470c00d,30
0x85a403f980fe3301c717e5023b95ddc2dc9716d3,30
0xd1e4c401b3780cc0aae3f5e30d1b6539497170f5,30
0xdbd546276b56888628fbaa8dfb593798652d4298,30
0xed386efd27e90f70a6491135bd7631c55fb670cd,30
0x452eccbf46c3ec0ee978839cd57cb2a21cfcc8d4,30
0x9b0ee37ab725e35a87a981e29a3b6ea030794131,30
0xb79e20afe378f7a9089ae3d07a99b00d8a2529d6,30
0xc3fc7a819ca6fa5e6c80a7119894101fb4a9a44b,30
0xcb5d51891cff04c1ad2df42bbb7263120b202aa7,30
0x052fc1d7121066a22c03f9332afca1653e0942e3,30
0xc1c6215a2fb29387723b287b6ef13c5a2d68ed8c,30
0xeaea431514f43665d7d4146b2cb5e3931452c829,30
0xd3474bd2f558b12e83810ec7d8af14f2d1d08137,30
0x5442c46e1b44fa922c125b8580cf37a3944de952,30
0xbb0ae4564d194600a49a8ed550258f8d7e9373e2,30
0xd3d99ab54bef2d94093076d549bb313bb0c5b017,30
0x7ac9c9135de57041095103d2aa8b5be31b9aa415,30
0xb2dc53ca5121e427f450106526918353a2e48353,30
0x53e5b0867a89683055d0219936edaf8296d39f94,30
0x66143d695baff44a3c8549bbdb16098d55674f9d,30
0xc287d0b27ac5c60dd2ccc7c526ee65564793546d,30
0x49b3db0fd5b98924d42dfad18a11c08f7d7a3e5f,30
0x391d411f08de8905c1d3f27b009d3f7e9f1d5284,30
0x6f0c4825420967f78fcf1736129547ac41af7a89,30
0xa181a3c3460ad5a2650f380352e3e68111e3d60e,30
0xdcf59976fc350d7a4971b6fbc888695caee13304,30
0x225516233e7601c68dd5b586a88a52b21eb56204,30
0xa52c8d48d95595ff1122f5c2d8fd09f795fcaa54,30
0xec85b265c130abbc0d7342fbc3585d5e0611b7e3,30
0x3bc78c5fb49f5a50aed564dabea2512b0fad37e6,30
0x2421134c8e8278ad199f6886ae70c5c373da3b48,30
0xb990b8b21cc1ec7c0704789ccd21bd516fe52ba3,30
0x559a41e9b0bf708d61ae720ad4907479fdbe8f37,30
0x243314f50bf9a5172fe44f580b72cd0895280691,30
0x1d87e7f2dc4acc4d54de5fbcf591194bac2ae423,30
0x29c17eb470a6fbb64a83a2e407df5c257030a19b,30
0xbde9e897ab1b80b1e14e1cc10a7cbbda49f318db,30
0x01de0da8af2f1686bb7e57f387e71b61199fd0e7,30
0xdcd7d160815a1c256ddc73b3faa89391114d8249,30
0x820831a80456d82a5a0498ade286aae867bca39f,30
0x626291b1a2ba10ef8b856ab2c8161675127ff986,30
0x40b3e336dc1a19c169172d59152bdb1d62f8e690,30
0x3269250d335183f7238cde8f10b114bc4c0c9fae,30
0xd5bfb9e531376c86f41e2aeaee7b0afc89988af0,30
0x76fa5876ecef7cecfbe8f94566a1e7252c20bf39,30
0x35969973d0c9015183b4591692866319b0227c63,30
0xba07c823f84bb2aa1cfda61cfa957750f2cf0022,30
0x2f66f1dc943a1e64c9f7be3bdd3230ed1eb9f427,30
0x6ffbca4259dfcec4b72bed5008704468208e7635,30
0x358462f384fdf46bb4632a8814d68278439624d6,30
0xc6ddca4b715111c210608aecdfa88cb4031b9690,30
0x9303997d19e6f17905da3d33bcd61c4b954dd097,30
0x4aecf1635a035a7cb8db30ba12b80a4a95509268,30
0x79b6c947559cf9865517d78a456ba0ad0350084c,30
0x58654f05384e90004ec571ce732598c0f0b0ed79,30
0xb8aa8d6b888ebcdf90edbe8056eeeaa264585ec7,30
0x03ce77d68c5ef952d91ff53c336ffa260f43caa0,30
0x0d3ada2a0e63631e1515c208998bf63ad4882cee,30
0x19cd3473bafd2a3cade12262a73be21e02a50490,30
0x5001eb739de0d1998a925d4e7b6669e5414435c8,30
0x8d452c1f4bae385b13933c83ecff70d74229915f,30
0x17d0fd4337307e74f369bde8af43ccd9e0149e1b,30
0xee7c4aca7d64075550f1b119b4bb4a0aa889c340,30
0xc2f607b2f12b0e67ea00a787ab6ecea7d5cce62b,30
0x4ec6722c8be6ab9a8c9e344d961086a3268b1128,30
0x0df20a129be3ef3efd924e1bcdcbe09b32396805,30
0x2f486cd2711fed55ecc481a5a0ac62001ebfb16c,30
0x67ae7d2503078b6a9fad5326cc071b9b59246f7a,30
0x5a2cf5b6061de4cd3c5936a781621fa8e4d1fdcf,30
0x292b78a5ad6214971c0ec79cb9d7eb3cf20957fb,30
0x0e9ca0ccd7d783c091f5d9e63e15eb025f174445,30
0xdbe17ce4f29598d399f4a0e948861506eee90cd2,60
0x0e64cbca254788df4a8d29e3721d077d91d0d92a,30
0xcc6fbbff9d652a7a75a25f9e91a9bcbd1a4a3304,30
0x0bb43efc1a613658177d8f67ccf9cffd8b25b906,30
0x2127575c191bd304072ee2325c007758243f6c2c,30
0xdef5c77905b6f47ba9371db98308ed95afb5f863,30
0x78ebe56bc138069557c89af35eb29023ff31ae2c,30
0xd3b2a586180c9e306b38848d31e82f9e17d76f0c,30
0x6b970cd93b6139ac830d966e2fe94cf81653479e,60
0x864b81c40d8314d5c4289a14eb92f03b9f43b6bc,30
0xed2c2cdec695be3a4dc421c1a8a6756dc5a927b6,30
0x64ebba26736c2f2762027b84a0f44135d7ab6aae,30
0x1c3354d276b49fe8941a09b822a9100d50e88727,30
0x0f28fa701eda5db150f2c6ccfa220e75cd839efe,30
0xace95175b107f0d6a7a2949f7af83d7a3528fb4e,30
0x38daea6f17e4308b0da9647db9ca6d84a3a7e195,30
0x2f59a307319b52c0928e679ac625cf7d3c883d36,30
0x0392c0d81934b52f64aa50c2cfbbcf28cd6141b2,30
0xdd65c5e9d1d4124a4730a9bad9ba5784f9b1d1ec,30
0xb32fc7b40a89e0547bd16664a57fcfceecbeeeec,60
0xb4d0e8be45395e72e9c1af25f59d854bc7dc5b48,30
0x212d6d36440524b6a405d2b3984c15bbd3ebefb3,30
0x87f0eb5a11f5f6f7ca05e4bb8a9fa4c67d58d201,30
0x625d7862ab8b413f8af8a4b66bc083756730dec9,60
0x4403440e3acfda385dd43c8fb76028811bf785bf,30
0xd3884d878aa40ee715f42fd061695cdc7d77f402,30
0x43930ff04d18a5b59805151c1eb403c55870641e,30
0xbd97ee24264d994cc01f9d6fbdf5f8001c2a8987,30
0x3e615cc26272ca117a4b4296b7d96e6ade538fb2,30
0x339dab47bdd20b4c05950c4306821896cfb1ff1a,30
0x82e5e4215bbc57539f3fce14e01ac43bb649aa30,30
0xb76cb23b716384ea0b848273f01f33a0ecaf2272,30
0xe3939654deae5f54fd3e6b84b3a7f75f245062d8,30
0xf92e84c0eaee37765acf65df9705284d95ee4e0e,30
0x1924c794d6b6cab91a962690289afe85d0459716,60
0x49e85648494fe05ff50b696a291cec9fd05401c1,60
0xd79e338667aeb42fb8f71c03b815d06bb8da968d,30
0xd58150dafa405270c2595a02e72751731f36ad49,30
0xce4b87301ad7c336ef2f1b822ad8bd7e86249ebc,30
0x1c2cddc58eae7a9d6cfd2aa7b8ed7ddad9900179,30
0x9347924f720ed20184046efbd185fca237dfc8cf,30
0xd9907cd11d99d21b431fc0a4ef513f3823142b0d,30
0xc38586c52cdf83c59fb97defa8e5c5acd151b8aa,30
0x0e8db02e39639da70094267ba491c9de71f6faac,30
0x0e1ca0c78c85457e04dd6f256b290f6c31b7629a,30
0xacc993013812e5524102474ba78f3a278c6d2efc,30
0x26b7959708098b0d5d39497c8b5cc3853d14bfc7,60
0xe39687ed7d3bea7e5ace354211b95fc59ad2b444,30
0x02a298c6b33b6505e15faacf4f52ffcf1c43d4b7,30
0x8a2f5d6d822611bdab08d306aa8f3e3942177417,30
0x297289405faf325d416658e93d93d0ade229528c,30
0x64440444a1fd95d271438b7b0199ea5f1844661b,30
0xdc8d7d0f8e7e70f57e1d80c171b2012252c1dc7b,30
0x821de7d05e7d4343b9d67abbd7f1673add081151,30
0x6e26d91c264ab73a0062ccb5fb00becfab3acc6b,30
0x540c44ff7b71f2487cd11aaf53aec1a85bfe8f7a,30
0xb8c3cc00fdd5c24dfeb9c5609203a0d434283c9c,30
0x3c7d43de93eb6598172f20feb8ecfe8dec70fe41,30
0x061b68c3944de2b686068cad4394ee3642f9c682,30
0xbbaaf7095e5f4e74b11534532c5d43a3c364bad4,30
0xa1d43f0c047c195adc960883f98e17757a36a25d,30
0x9f02cd48b13e68ba2a1b7a020fb72b0ff83e451b,30
0x0998160bdf3ff6d86a4e9d5c31e0efc3ca7e7d01,30
0xc344ed0081ef485bb9d403c93c6251f36a87f3d3,30
0xdf24b20bf86abd426ec33a913da6f65429d80389,30
0x29b316d3065df5d581322eeab99f246ab588f7f7,30
0x30d1b089a594aedd553e0961d2e5ddf29f69dcc1,30
0x7974c95bac28290219d01cf3fa612b1424cf86ca,30
0x572a75a82c7ebad2c92dd7617740dfdaf420e518,30
0x17469e2bcff193eb2a26720eaa1c5689ab592184,30
0x7d0d8bf8e14a6b3237195b8d28a19a07252c6885,30
0x906078bd50e21012c015464996af39d076eb7cd5,30
0xb0419bf8143605191763f61f574e1e793793c053,30
0x3b4da3835073eebee1dc70c84d49fa6bdb8f8616,30
0x50a32167ea51aec83b8783eb92b8da35525ba0cb,30
0x00a06cd20865e112eba9890f109305528f8f458f,30
0xd3dcf92f755aedd240ad130c0689dee95a6bc4ee,30
0xb300f39242d2f5d560586c9842875817342f69e4,30
0x58d4f668f37ca6d3667d0a4ebbacc3f29d4b3bef,30
0x4765fcd87025490bc8f650565474a7bd6a2179a3,30
0x5f9162d7b8a796e1ad41df768fa633bd4de065ec,30
0x7356ece4705bfbd926bc787ccc758fd9406283c0,30
0xa1ba09fde11eeaf26050fa8b5db5c0adb2f6758d,30
0x032553b75aa5d6f20fb3fa2d8ac745224db9e24b,30
0x20d4d6db7f9ce71457b7d0ea2de940f44fa73eb9,30
0x102456d90853c87923b4798dc4954f9a67f099dc,30
0x6afe7198114ed97de5d2d5d1912243df65c1724d,30
0x8eb82be5fc2e64e0b57ceb639df68610b29864e6,30
0x1f47101647239c00af2ce908521451b6a87987aa,30
0x0866f8d156dddec441a333117156a4fd23afee62,30
0x056c23c029da306b0f73f3e005f7a31bfad7af4f,30
0xbd519e8de5ba2e5236339866504dfc92be77e233,30
0xab4ee3e9a48057bcfb2fbc8872dcf0273c115e49,30
0xdb0f28c9f7d0f33b04d2a8ea24391a1527876d8b,30
0xea611e681b294c2e2137ef14b782a9e80cc6a44f,30
0x7d4ead368f0f206274931ca91069a890bea0893a,30
0x302d43d1a7c1313608f218446a4266fb312c461e,30
0x77c1d273862b6aa39265debcaae35cd7f9ea1c87,30
0xc90b79eaf84937983b429e0d5cfe17e622d070ce,30
0x339833b965d5e3937e8c0f279a6426dd92150298,30
0xa33144e1c04de2715222095ad35e6ce0243efe8e,30
0x62dc3783108207ad56c8ef905f0996de90593046,30
0xba85e7b5fc623014ccd394bbca960b1d8455faee,30
0x1d932e6489b5e4091ee078db497799237b354191,30
0xbda1b0eb6f391aa88f4bf407f450d43cc7c2bf5a,30
0xe6ea861295af4e0d0d7f331c7b950f7da3a9d265,30
0x31622b790391137a1c43d217bb8b5e1bbee56423,30
0x5e407fc970c0e4350f0bc438bc7c9dc1a08c9e80,30
0x6f035094d509f17a53bf9a99a03bd05317fa7db9,30
0xffe73c1c8e5ee49b51150f0237faf7f6465be8b0,60
0xcd91b409654f8f3b31b40e5ca43f2cb7fa943fbc,30
0x2541529011a8f759acc8f140aac215836994f704,30
0x0ea68c708d4924e5b469df4534cce4a4ee730d00,30
0x691eae29da22702b5b0668dc48704b7114563eb4,30
0xa6d49b6b34c616056b71c3fc3a259dfd4646ce7f,30
0xaab4ccf4a2883c31057b859d4d7cc0a78d33be1a,30
0xeaaa71c210b404a73bf38ba2f4a168a7f8ebf2dc,30
0xac53ca76ad543b47254b338ad5d7900a0be800ca,30
0x3566ab5289cf2054cd1cd6fd064d7771a09d163b,30
0x3035a1bbd824041b07f8ab2297a71a81e00127c5,30
0xdc0b62fd77e84ea91642699e302a140aa290a60b,30
0x32f5e757138ce657d1e0a2e33c6e6e6dbaba0dbf,30
0x032dce7e10aa2108502fc82c5f4b07792036570d,30
0xa9b5b983017a764a67c714085509419f35252460,30
0x995c875def45eb319c597fa29281a6c8a86633e1,30
0xd33a0b7b1ff3f9cf2b9dce3da97aedcd7c4c5550,30
0x3f457622ac59358f484f53b1a930ae26440b6a14,30
0xa8cbb14fcb7b21e49eb9f2a6a4685346a02e97af,30
0x6479f486c5f671da9da892695fa6ee681ade4dec,30
0x1a918a8386f75f382e2a1b2e10b807c39728caf2,30
0x124d05e1cf1316141463224e3b9a9592044ee325,30
0xf62c9ebf99607be71567c35a3e066e5b90baa7eb,30
0x73f8ee0fb6539e04ee5379a4bbf52c853f011bda,30
0xe16050b5186dec512ac9233370f9dbc3b51fe46f,30
0x53f8fa78e3ae9369ab62835f525dd6b1b3056197,30
0xa5d6cf4cb584a367bf8052ca6a4cef4bc7ee20ac,30
0x200c52c9fdea00b327a274e5f100947eaf24d23e,30
0xdbb8e3c8ff7d38c1744d975973038dda9b16caff,30
0x3d6e5708cd011fb75a6820bacfd2937beece60d9,30
0x2df4b8f8c5edbd98ca7000901738bea2a22890ee,30
0xa24dea03330162bd296a93adb255e23c837105c4,30
0x0364c42a15c2cc3073eba1e11ee5ab0c6a1b5b40,60
0x15c022afdd48d69bf8105468afeff886a6997063,30
0x7f28ecaaea191c321213705e99c50a47024f1241,30
0x2928f65800b2bd6ea34e82dbfe95eee640f123a5,30
0xdfb03825bb3b6ffc8a116700dcc7727c6185864d,30
0x3c3145f5de7af0fabc308ccac7821e06c9bb87d5,30
0x0461a70915b0f5dad6b7b529ad2ba0816f5ba72c,30
0xdeac7e3244f58f9cf3484a988bd765dd3341143b,30
0xc5a682c5b19f071f2fba7f1cec04f17a08abcd65,30
0x26e796990c5016078966838368b174f2ecc128bb,30
0x7174ae1b700bfe319b4bb81a2896d2ada864f6b1,30
0xdcdd5c71c6d62e58fd5213c417624752eac30496,30
0x9a59790e9ea32d6d5f993fb0405b3a1276a551be,30
0xd0516bd153632601aee6daa4eb102be79d01bb6c,30
0x981889d9938635d54de50961a76a0a587eb610f4,30
0x62991a1b4187481c8b5bb49fa567711e09ff488d,60
0x4bb51b4f4695a175ae851082ebac7dd12561b487,30
0x55248cb24b735372377fa8119c6ab52bda42fe19,30
0x86d906dc8c91babf338f3eb7d2be7a589f4c3107,30
0xf72b0ff0d9a6fa7d2cf370e6bf4e9b1a97ad523f,30
0x510398f76cee472a7c9b61f403ae18073e84a5d3,30
0x8b21a347a82841d97f6a7607d8335ef98698a4be,30
0x9ea35820fbfb21976fe1b1ac3570932167050167,30
0xbc66c5301f30d72424b04f37462cba8d1b430a92,30
0x55ba838811803fb6b99a8ae695633dacfa6e05db,30
0x4e400a57d12475dd71da6f934042db027047ab9d,60
0xf5868261353a121d6b25521a185c09cec91f6fcc,30
0x106d244c8c899b34d3341088f320c90fdd600649,30
0xbfc04670ed8d45660853dd2286869319f4b4033e,30
0x5a86fe718a410bf73bcb46cb5d10014f9cb7b0d4,30
0x267d36f718a418156a5dab0bed323c871a007710,30
0x6e1738d3e62569417b1ea95c996c9a2fdac7b937,30
0xc1f908bb16389c233cc6d1b81f153ac96be480fc,30
0x10335baedd7d204753d0098afee7c712ec550a90,60
0xf7ba5668d28dce0710e44b8d4ebe8be263390d64,30
0xa1a3833b180ec6ea2659d52307be8d1e56484b19,30
0xbc26793c1ac2b5aa6306343a577c454786e986a9,30
0x3d70a8c0b3812998c4f3f77a3fc9b44617703c97,30
0xcc1548c90e978ea08c03ad37ca4861bce3721020,30
0x7a8b313392adefc0cbcc601dd6f336d4ee5393b7,30
0x1f68d239931496e8301b4cb08ea30a6fb33ccd2b,30
0x37f7daf63d37e3b5066174e4ad3da92b04af5cea,30
0x084d4a96bf3274679046fbcea75babbf1e320b17,30
0x40c4c0b78be0ec7970b247aafb0a0dd16664c3d4,30
0x782b2709500babe7352a3101743f20a72b856f9a,30
